object_id,timestamp,status,has_title
237739,2026-03-14T18:00:29.927559,success,True
639782,2026-03-14T18:00:30.640089,success,True
437422,2026-03-14T18:00:31.416940,success,True
472562,2026-03-14T18:00:32.687549,success,True
437422,2026-03-14T18:00:33.607675,success,True
551786,2026-03-14T18:00:35.034142,success,True
329077,2026-03-14T18:00:35.651287,success,True
206965,2026-03-14T18:00:36.575989,success,True
729644,2026-03-14T18:00:37.253247,success,True
310453,2026-03-14T18:00:37.907829,success,True
329077,2026-03-14T18:00:38.560882,success,True
329077,2026-03-14T18:00:39.173694,success,True
201862,2026-03-14T18:00:40.162369,success,True
853194,2026-03-14T18:00:40.733985,success,True
437422,2026-03-14T18:00:41.698449,success,True
437422,2026-03-14T18:00:42.515113,success,True
237739,2026-03-14T18:00:43.258955,success,True
729644,2026-03-14T18:00:43.782025,success,True
53172,2026-03-14T18:00:44.478162,success,True
317877,2026-03-14T18:00:45.099146,success,True
53241,2026-03-14T18:00:45.922231,success,True
590745,2026-03-14T18:00:46.827640,success,True
437422,2026-03-14T18:00:47.634313,success,True
329077,2026-03-14T18:00:48.231667,success,True
317877,2026-03-14T18:00:48.714349,success,True
281977,2026-03-14T18:00:49.191582,success,True
435621,2026-03-14T18:00:50.502100,success,True
548344,2026-03-14T18:00:51.934848,success,True
459028,2026-03-14T18:00:53.796689,success,True
854970,2026-03-14T18:00:55.099439,error_404,False
452102,2026-03-14T18:00:56.825103,success,True
76084,2026-03-14T18:00:58.388633,success,True
53002,2026-03-14T18:00:59.162089,success,True
472562,2026-03-14T18:01:00.489296,success,True
544173,2026-03-14T18:01:01.286554,success,True
551786,2026-03-14T18:01:02.798111,success,True
551786,2026-03-14T18:01:04.224145,success,True
477499,2026-03-14T18:01:08.729581,success,True
772738,2026-03-14T18:01:09.251886,success,True
437175,2026-03-14T18:01:10.471523,success,True
206965,2026-03-14T18:01:11.299705,success,True
200668,2026-03-14T18:01:12.106264,success,True
437609,2026-03-14T18:01:12.929372,success,True
844492,2026-03-14T18:01:13.542089,error_404,False
551786,2026-03-14T18:01:15.078330,success,True
365313,2026-03-14T18:01:17.434377,success,True
310453,2026-03-14T18:01:18.013022,success,True
472562,2026-03-14T18:01:19.380659,success,True
900001,2026-03-14T18:01:20.405972,success,True
436545,2026-03-14T18:01:21.426304,success,True
437868,2026-03-14T18:01:22.451239,success,True
729644,2026-03-14T18:01:22.959534,success,True
206965,2026-03-14T18:01:23.811773,success,True
317877,2026-03-14T18:01:24.286509,success,True
329077,2026-03-14T18:01:25.010126,success,True
437422,2026-03-14T18:01:25.831002,success,True
24786,2026-03-14T18:01:27.260451,success,True
329077,2026-03-14T18:01:27.877967,success,True
459028,2026-03-14T18:01:29.530292,success,True
317877,2026-03-14T18:01:30.006022,success,True
329077,2026-03-14T18:01:30.619358,success,True
472562,2026-03-14T18:01:31.866440,success,True
471853,2026-03-14T18:01:32.486455,success,True
438688,2026-03-14T18:01:33.249461,success,True
435848,2026-03-14T18:01:34.226623,success,True
53633,2026-03-14T18:01:35.150442,success,True
459028,2026-03-14T18:01:36.879630,success,True
73651,2026-03-14T18:01:37.709220,error_404,False
310453,2026-03-14T18:01:38.323807,success,True
551786,2026-03-14T18:01:39.757623,success,True
459027,2026-03-14T18:01:41.392623,success,True
437261,2026-03-14T18:01:43.034465,success,True
10810,2026-03-14T18:01:43.514993,success,True
472562,2026-03-14T18:01:44.775351,success,True
329077,2026-03-14T18:01:45.490906,success,True
437340,2026-03-14T18:01:46.379726,success,True
324138,2026-03-14T18:01:47.026291,success,True
551786,2026-03-14T18:01:48.462475,success,True
472562,2026-03-14T18:01:49.792302,success,True
435580,2026-03-14T18:01:50.427689,success,True
437422,2026-03-14T18:01:51.329969,success,True
551786,2026-03-14T18:01:52.761844,success,True
55359,2026-03-14T18:01:53.267314,success,True
544740,2026-03-14T18:01:54.034409,success,True
551786,2026-03-14T18:01:55.632810,success,True
436311,2026-03-14T18:01:56.200110,success,True
437422,2026-03-14T18:01:57.006388,success,True
310453,2026-03-14T18:01:57.679270,success,True
39742,2026-03-14T18:01:58.854213,success,True
472562,2026-03-14T18:02:00.235113,success,True
317877,2026-03-14T18:02:00.710044,success,True
208302,2026-03-14T18:02:01.241740,success,True
49068,2026-03-14T18:02:01.875931,success,True
729644,2026-03-14T18:02:02.402998,success,True
200668,2026-03-14T18:02:03.309101,success,True
459028,2026-03-14T18:02:04.934454,success,True
442488,2026-03-14T18:02:05.724450,success,True
459027,2026-03-14T18:02:07.228219,success,True
206965,2026-03-14T18:02:08.327085,success,True
317877,2026-03-14T18:02:08.803383,success,True
206965,2026-03-14T18:02:09.723691,success,True
38452,2026-03-14T18:02:10.239902,success,True
544740,2026-03-14T18:02:11.195714,success,True
281977,2026-03-14T18:02:11.678269,success,True
459028,2026-03-14T18:02:13.253060,success,True
436570,2026-03-14T18:02:13.939389,success,True
436440,2026-03-14T18:02:14.767457,success,True
472562,2026-03-14T18:02:16.110223,success,True
459027,2026-03-14T18:02:17.748609,success,True
544740,2026-03-14T18:02:18.669151,success,True
546127,2026-03-14T18:02:19.420076,success,True
551786,2026-03-14T18:02:20.844828,success,True
472562,2026-03-14T18:02:22.254268,success,True
195332,2026-03-14T18:02:23.173466,success,True
310453,2026-03-14T18:02:23.786402,success,True
317877,2026-03-14T18:02:24.277141,success,True
206965,2026-03-14T18:02:25.223108,success,True
206989,2026-03-14T18:02:26.279092,success,True
435744,2026-03-14T18:02:27.067898,success,True
317877,2026-03-14T18:02:27.545473,success,True
544186,2026-03-14T18:02:28.601377,success,True
459028,2026-03-14T18:02:30.112686,success,True
590745,2026-03-14T18:02:31.043164,success,True
200668,2026-03-14T18:02:31.740889,success,True
53449,2026-03-14T18:02:32.596883,success,True
206965,2026-03-14T18:02:33.721329,success,True
544320,2026-03-14T18:02:34.431476,success,True
310453,2026-03-14T18:02:35.156576,success,True
437422,2026-03-14T18:02:36.079203,success,True
53007,2026-03-14T18:02:36.601491,success,True
436105,2026-03-14T18:02:37.918282,success,True
437127,2026-03-14T18:02:38.971266,success,True
49068,2026-03-14T18:02:39.662955,success,True
436896,2026-03-14T18:02:40.482426,success,True
472562,2026-03-14T18:02:41.685982,success,True
436542,2026-03-14T18:02:42.618557,success,True
437422,2026-03-14T18:02:43.418909,success,True
317877,2026-03-14T18:02:43.931912,success,True
53655,2026-03-14T18:02:44.500792,success,True
435848,2026-03-14T18:02:45.454407,success,True
257603,2026-03-14T18:02:46.299948,success,True
472562,2026-03-14T18:02:47.605154,success,True
459028,2026-03-14T18:02:49.429137,success,True
56966,2026-03-14T18:02:49.953505,success,True
729644,2026-03-14T18:02:50.701622,success,True
53660,2026-03-14T18:02:52.578668,success,True
49068,2026-03-14T18:02:53.154402,success,True
590745,2026-03-14T18:02:54.237080,success,True
850414,2026-03-14T18:02:55.194678,error_404,False
45258,2026-03-14T18:02:55.794798,success,True
437422,2026-03-14T18:02:56.866125,success,True
551786,2026-03-14T18:02:58.400968,success,True
206965,2026-03-14T18:02:59.453736,success,True
206965,2026-03-14T18:03:00.346415,success,True
544740,2026-03-14T18:03:01.120500,success,True
435997,2026-03-14T18:03:01.859730,success,True
729644,2026-03-14T18:03:02.400694,success,True
53660,2026-03-14T18:03:04.108594,success,True
78191,2026-03-14T18:03:04.867484,success,True
551786,2026-03-14T18:03:06.354243,success,True
459027,2026-03-14T18:03:08.332190,success,True
49049,2026-03-14T18:03:09.065991,success,True
551786,2026-03-14T18:03:10.454159,success,True
459028,2026-03-14T18:03:12.500091,success,True
206965,2026-03-14T18:03:13.416793,success,True
206965,2026-03-14T18:03:14.296635,success,True
729644,2026-03-14T18:03:14.829869,success,True
435853,2026-03-14T18:03:15.706841,success,True
459027,2026-03-14T18:03:17.414339,success,True
38006,2026-03-14T18:03:18.030623,success,True
552793,2026-03-14T18:03:19.069970,success,True
310453,2026-03-14T18:03:19.699561,success,True
437422,2026-03-14T18:03:20.486951,success,True
472562,2026-03-14T18:03:21.731489,success,True
310453,2026-03-14T18:03:22.327860,success,True
42188,2026-03-14T18:03:23.285993,success,True
16717,2026-03-14T18:03:24.088889,success,True
53660,2026-03-14T18:03:25.742278,success,True
316145,2026-03-14T18:03:26.496937,success,True
317877,2026-03-14T18:03:26.982164,success,True
317877,2026-03-14T18:03:27.449757,success,True
459027,2026-03-14T18:03:29.018477,success,True
729644,2026-03-14T18:03:29.541048,success,True
544320,2026-03-14T18:03:30.267010,success,True
463795,2026-03-14T18:03:31.475741,success,True
437798,2026-03-14T18:03:32.152235,success,True
310453,2026-03-14T18:03:32.736146,success,True
317877,2026-03-14T18:03:33.216207,success,True
248466,2026-03-14T18:03:33.939654,success,True
437422,2026-03-14T18:03:34.746776,success,True
729644,2026-03-14T18:03:35.309345,success,True
544320,2026-03-14T18:03:36.106241,success,True
329077,2026-03-14T18:03:36.802928,success,True
729644,2026-03-14T18:03:37.314244,success,True
44861,2026-03-14T18:03:37.927260,success,True
312807,2026-03-14T18:03:38.477438,success,True
544453,2026-03-14T18:03:38.964894,success,True
436180,2026-03-14T18:03:39.808391,success,True
437261,2026-03-14T18:03:41.395704,success,True
437422,2026-03-14T18:03:42.158326,success,True
544740,2026-03-14T18:03:43.051756,success,True
437175,2026-03-14T18:03:44.015913,success,True
435848,2026-03-14T18:03:45.014240,success,True
729644,2026-03-14T18:03:45.544381,success,True
472562,2026-03-14T18:03:46.822370,success,True
854017,2026-03-14T18:03:47.479490,error_404,False
435922,2026-03-14T18:03:48.062042,success,True
551786,2026-03-14T18:03:49.498183,success,True
451270,2026-03-14T18:03:50.254482,success,True
192770,2026-03-14T18:03:50.783970,success,True
453673,2026-03-14T18:03:53.591650,success,True
857956,2026-03-14T18:03:54.138343,success,True
317877,2026-03-14T18:03:54.605217,success,True
475488,2026-03-14T18:03:55.438081,success,True
459028,2026-03-14T18:03:57.061794,success,True
729644,2026-03-14T18:03:57.590436,success,True
78191,2026-03-14T18:03:58.778481,success,True
437609,2026-03-14T18:03:59.751205,success,True
53242,2026-03-14T18:04:00.799594,success,True
688515,2026-03-14T18:04:02.370949,success,True
310453,2026-03-14T18:04:03.416570,success,True
437422,2026-03-14T18:04:04.270231,success,True
310453,2026-03-14T18:04:04.913728,success,True
438817,2026-03-14T18:04:05.977106,success,True
329077,2026-03-14T18:04:06.894807,success,True
729644,2026-03-14T18:04:07.678572,success,True
310453,2026-03-14T18:04:08.323324,success,True
459027,2026-03-14T18:04:10.042213,success,True
53427,2026-03-14T18:04:12.663824,success,True
329077,2026-03-14T18:04:13.305835,success,True
436543,2026-03-14T18:04:14.298856,success,True
437423,2026-03-14T18:04:15.509764,success,True
551786,2026-03-14T18:04:17.030926,success,True
729644,2026-03-14T18:04:17.714705,success,True
570719,2026-03-14T18:04:18.581857,success,True
824771,2026-03-14T18:04:20.540121,success,True
472562,2026-03-14T18:04:22.166182,success,True
53895,2026-03-14T18:04:22.804863,success,True
472562,2026-03-14T18:04:24.217219,success,True
437508,2026-03-14T18:04:24.998168,success,True
729644,2026-03-14T18:04:25.769111,success,True
329077,2026-03-14T18:04:26.661210,success,True
459028,2026-03-14T18:04:28.413307,success,True
551786,2026-03-14T18:04:29.967731,success,True
551786,2026-03-14T18:04:31.564857,success,True
437422,2026-03-14T18:04:32.858430,success,True
459027,2026-03-14T18:04:34.551680,success,True
329077,2026-03-14T18:04:35.208515,success,True
436543,2026-03-14T18:04:36.090159,success,True
472562,2026-03-14T18:04:37.331539,success,True
329073,2026-03-14T18:04:38.003113,success,True
38634,2026-03-14T18:04:38.875555,success,True
435848,2026-03-14T18:04:39.965263,success,True
329077,2026-03-14T18:04:40.974800,success,True
435997,2026-03-14T18:04:41.588784,success,True
437153,2026-03-14T18:04:43.158362,success,True
671001,2026-03-14T18:04:43.892422,success,True
236688,2026-03-14T18:04:44.830035,success,True
544320,2026-03-14T18:04:45.690253,success,True
467641,2026-03-14T18:04:47.357919,success,True
200668,2026-03-14T18:04:48.379939,success,True
459027,2026-03-14T18:04:50.018462,success,True
452102,2026-03-14T18:04:52.033121,success,True
329077,2026-03-14T18:04:52.798295,success,True
310453,2026-03-14T18:04:53.582153,success,True
729644,2026-03-14T18:04:54.286844,success,True
436440,2026-03-14T18:04:55.132846,success,True
53427,2026-03-14T18:04:57.375779,success,True
53429,2026-03-14T18:04:58.800907,success,True
189425,2026-03-14T18:04:59.420333,success,True
310364,2026-03-14T18:05:00.565213,success,True
452102,2026-03-14T18:05:02.466877,success,True
53454,2026-03-14T18:05:03.248022,success,True
729644,2026-03-14T18:05:03.815019,success,True
329077,2026-03-14T18:05:04.457583,success,True
206965,2026-03-14T18:05:05.339376,success,True
459028,2026-03-14T18:05:07.187169,success,True
451725,2026-03-14T18:05:08.862938,success,True
437422,2026-03-14T18:05:09.838733,success,True
436836,2026-03-14T18:05:11.087612,success,True
472562,2026-03-14T18:05:12.447493,success,True
438821,2026-03-14T18:05:13.664324,success,True
437422,2026-03-14T18:05:14.618524,success,True
472562,2026-03-14T18:05:16.131056,success,True
281977,2026-03-14T18:05:16.799264,success,True
816189,2026-03-14T18:05:17.486605,success,True
729644,2026-03-14T18:05:18.019329,success,True
438821,2026-03-14T18:05:19.246783,success,True
451270,2026-03-14T18:05:19.996282,success,True
437873,2026-03-14T18:05:21.139837,success,True
436244,2026-03-14T18:05:22.036821,success,True
206965,2026-03-14T18:05:23.051776,success,True
551786,2026-03-14T18:05:24.562027,success,True
472562,2026-03-14T18:05:26.061805,success,True
551786,2026-03-14T18:05:27.701177,success,True
310453,2026-03-14T18:05:28.448999,success,True
437422,2026-03-14T18:05:29.218719,success,True
78191,2026-03-14T18:05:29.959819,success,True
206965,2026-03-14T18:05:30.927143,success,True
329077,2026-03-14T18:05:31.671834,success,True
816189,2026-03-14T18:05:32.225293,success,True
472562,2026-03-14T18:05:33.846961,success,True
466085,2026-03-14T18:05:34.663547,success,True
471730,2026-03-14T18:05:35.196290,success,True
310453,2026-03-14T18:05:35.784246,success,True
329077,2026-03-14T18:05:36.371659,success,True
729644,2026-03-14T18:05:36.923783,success,True
459028,2026-03-14T18:05:38.767172,success,True
560727,2026-03-14T18:05:39.497044,success,True
551786,2026-03-14T18:05:40.912226,success,True
435817,2026-03-14T18:05:41.596627,success,True
365313,2026-03-14T18:05:43.961206,success,True
577369,2026-03-14T18:05:45.145038,success,True
317877,2026-03-14T18:05:45.625095,success,True
313658,2026-03-14T18:05:46.471290,success,True
435851,2026-03-14T18:05:47.234858,success,True
439844,2026-03-14T18:05:47.799179,success,True
459028,2026-03-14T18:05:49.408290,success,True
544740,2026-03-14T18:05:50.163815,success,True
310453,2026-03-14T18:05:50.842139,success,True
312336,2026-03-14T18:05:51.484322,success,True
206965,2026-03-14T18:05:52.324534,success,True
39482,2026-03-14T18:05:52.843744,success,True
544186,2026-03-14T18:05:53.916329,success,True
285646,2026-03-14T18:05:54.439061,success,True
729644,2026-03-14T18:05:54.996684,success,True
551786,2026-03-14T18:05:56.681835,success,True
437133,2026-03-14T18:05:57.458578,success,True
552850,2026-03-14T18:05:58.185486,success,True
459027,2026-03-14T18:05:59.697408,success,True
436947,2026-03-14T18:06:00.879792,success,True
